ID,GENSPE,FAM,TL,W,TUBE
A001,Cirripectes filamentosus,Blenniidae,43.17,1.5,A
A002,Plesiops coeruleolineatus,Plesiopidae,16.23,NA,A
A003,Pomacentrus caeruleus,Pomacentridae,36.91,0.96,A
A004,Ctenochaetus binotatus,Acanthuridae,48.81,1.94,A
A005,Cirripectes filamentosus,Blenniidae,41.87,1.39,A
A006,Plagiotremus tapeinosoma,Blenniidae,73.68,2.1,A
A007,Istigobius decoratus,Gobiidae,52.2,1.59,A
A008,Priolepis cincta,Gobiidae,35.43,0.41,SEY23_0001
A009,Apogon coccineus,Apogonidae,30.18,0.52,SEY23_0002
A010,Istigobius decoratus,Gobiidae,39.88,0.52,A
A011,Istigobius decoratus,Gobiidae,35.19,0.45,SEY23_0003
A012,Istigobius decoratus,Gobiidae,26.81,0.18,SEY23_0004
A013,Apogon coccineus,Apogonidae,28.87,0.38,SEY23_0005
A014,Pomacentrus caeruleus,Pomacentridae,20.11,0.54,SEY23_0006
A015,Pomacentrus caeruleus,Pomacentridae,23.29,0.24,SEY23_0007
A016,Enneapterygius cf tutuilae,Tripterygiidae,20.46,0.05,SEY23_0008
A017,Enneapterygius cf tutuilae,Tripterygiidae,19.48,0.09,SEY23_0009
A018,Enneapterygius abeli,Tripterygiidae,19.37,0.07,SEY23_0010
A019,Enneapterygius cf tutuilae,Tripterygiidae,17.55,0.05,SEY23_0011
A020,Cirripectes filamentosus,Blenniidae,22.51,0.19,SEY23_0012
A021,Cirripectes filamentosus,Blenniidae,19.97,0.17,SEY23_0013
A022,Enneapterygius cf tutuilae,Tripterygiidae,21.25,0.08,SEY23_0014
A023,Eviota prasina,Gobiidae,17.08,0.07,SEY23_0015
A024,Eviota prasina,Gobiidae,15.99,0.06,SEY23_0016
A025,Enneapterygius abeli,Tripterygiidae,15.18,0.01,SEY23_0017
A026,Eviota guttata,Gobiidae,15.74,0.05,SEY23_0018
A027,Eviota prasina,Gobiidae,16.03,0.01,SEY23_0019
A028,Eviota nebulosa,Gobiidae,17.92,0.07,SEY23_0020
A029,Eviota nebulosa,Gobiidae,18.4,0.02,SEY23_0021
A030,Eviota nebulosa,Gobiidae,15.5,0.05,SEY23_0022
A031,Eviota prasina,Gobiidae,17.22,0.01,SEY23_0023
A032,Eviota bipunctata,Gobiidae,13.65,0.01,SEY23_0024
A033,Eviota bipunctata,Gobiidae,12.45,0.02,SEY23_0025
A034,Eviota bipunctata,Gobiidae,12.86,0.01,SEY23_0026
A035,Enneapterygius cf tutuilae,Tripterygiidae,11.58,0.01,SEY23_0027
A036,Eviota sp,Gobiidae,12.48,0.01,SEY23_0028
A037,Eviota guttata,Gobiidae,12.51,0.02,SEY23_0029
A038,Enneapterygius abeli,Tripterygiidae,16.14,0.01,SEY23_0030
A039,Enneapterygius abeli,Tripterygiidae,12.09,0.01,SEY23_0031
A040,Eviota bipunctata,Gobiidae,5.82,0.01,SEY23_0032
B001,Trimma mendelsohni,Gobiidae,22.6,0.152,SEY23-0034
B002,Trimma mendelsohni,Gobiidae,22.11,0.153,SEY23-0035
B003,Enneapterygius abeli,Tripterygiidae,20.83,0.105,SEY23-0036
B004,Plesiops coeruleolineatus,Plesiopidae,24.64,0.235,SEY23-0037
B005,Enneapterygius abeli,Tripterygiidae,20.18,0.085,SEY23-0038
B006,Enneapterygius abeli,Tripterygiidae,19.1,0.086,SEY23-0039
B007,Eviota bipunctata,Gobiidae,13.82,0.038,SEY23-0040
B008,Trimma mendelsohni,Gobiidae,21.9,0.13,SEY23-0041
B009,Eviota nebulosa,Gobiidae,19.33,0.073,SEY23-0042
B010,Eviota nebulosa,Gobiidae,14.29,0.041,SEY23-0043
B011,Trimmatom offucius,Gobiidae,12.89,0.018,SEY23-0044
B012,Enneapterygius abeli,Tripterygiidae,14.02,0.023,SEY23-0045
B013,Eviota guttata,Gobiidae,16.45,0.057,SEY23-0046
B014,Eviota nebulosa,Gobiidae,16.65,0.051,SEY23-0047
B015,Enneapterygius abeli,Tripterygiidae,18.63,0.077,SEY23-0048
B016,Eviota guttata,Gobiidae,10.18,0.023,SEY23-0049
B017,Pseudocheilinus hexataenia,Labridae,44.43,1.454,B
B018,Eviota guttata,Gobiidae,11.67,0.014,SEY23-0061
B019,Eviota guttata,Gobiidae,14.1,0.025,SEY23-0062
B020,Apogon coccineus,Apogonidae,17.77,0.145,SEY23-0050
B021,Eviota zebrina,Gobiidae,14.57,0.032,SEY23-0051
B022,Eviota zebrina,Gobiidae,14.26,0.038,SEY23-0052
B023,Eviota nebulosa,Gobiidae,7.03,0.001,SEY23-0053
B024,Enneapterygius abeli,Tripterygiidae,15.6,0.037,SEY23-0054
B025,Enneapterygius abeli,Tripterygiidae,17.01,0.047,SEY23-0055
B026,Eviota sebreei,Gobiidae,9.41,0.007,SEY23-0056
B027,Eviota sp,Gobiidae,14.68,0.046,SEY23-0057
B028,Eviota bipunctata,Gobiidae,11.35,0.016,SEY23-0058
B029,Plesiops coeruleolineatus,Plesiopidae,11.5,0.02,SEY23-0059
B030,Enneapterygius abeli,Tripterygiidae,16.45,0.036,SEY23-0060
B031,Eviota nebulosa,Gobiidae,16.78,0.068,SEY23-0063
B032,Enneapterygius abeli,Tripterygiidae,18.9,0.088,SEY23-0064
B033,Eviota guttata,Gobiidae,13.97,0.021,SEY23-0065
B034,Trimmatom pharus,Gobiidae,NA,NA,SEY23-0066
B035,Eviota nebulosa,Gobiidae,9.31,0.01,SEY23-0067
B036,Eviota nebulosa,Gobiidae,8.3,0.007,SEY23-0068
B037,Eviota guttata,Gobiidae,12.08,0.026,SEY23-0069
B038,Eviota guttata,Gobiidae,NA,NA,SEY23-0070
B039,Eviota bipunctata,Gobiidae,9.73,0.007,SEY23-0071
B040,Eviota nebulosa,Gobiidae,10.86,0.021,SEY23-0072
B041,Chromis fieldi,Pomacentridae,66.13,5.906,B
B042,Eviota bipunctata,Gobiidae,NA,NA,SEY23-0073
B043,Eviota nebulosa,Gobiidae,14.95,0.059,SEY23-0074
B044,Thysanophrys chiltonae,Platycephalidae,61.15,1.687,B
B045,Ostorhinchus angustatus,Apogonidae,62.31,3.751,B1
B046,Ostorhinchus angustatus,Apogonidae,82.14,7.743,B1
B047,Pseudogramma polyacantha,Grammistidae,48.8,1.882,B1
B048,Canthigaster petersii,Tetraodontidae,57.51,5.759,B1
C001,Helcogramma fuscopinna,Tripterygiidae,38.95,0.708,C
C002,Eviota bipunctata,Gobiidae,20.42,0.038,SEY23-0075
C003,Eviota bipunctata,Gobiidae,14.11,0.042,SEY23-0076
C004,Cirripectes filamentosus,Blenniidae,23.28,0.21,SEY23-0077
C005,Helcogramma fuscopinna,Tripterygiidae,32.4,0.381,SEY23-0078
C006,Helcogramma fuscopinna,Tripterygiidae,31.8,0.34,SEY23-0079
C007,Helcogramma fuscopinna,Tripterygiidae,35.59,0.454,SEY23-0080
C008,Enneapterygius elegans,Tripterygiidae,25.09,0.181,SEY23-0081
C009,Enneapterygius elegans,Tripterygiidae,21.45,0.146,SEY23-0082
C010,Enneapterygius elegans,Tripterygiidae,23.81,0.189,SEY23-0083
C011,Cirripectes filamentosus,Blenniidae,22.74,0.204,SEY23-0084
C012,Cirripectes filamentosus,Blenniidae,25.22,0.243,SEY23-0085
C013,Cirripectes filamentosus,Blenniidae,24.36,0.251,SEY23-0086
C014,Cirripectes filamentosus,Blenniidae,17.83,0.073,SEY23-0087
C015,Enneapterygius abeli,Tripterygiidae,19.27,0.081,SEY23-0088
C016,Helcogramma fuscopinna,Tripterygiidae,35.12,0.472,C
C017,Chromis nigrura,Pomacentridae,56.84,2.591,C
D001,Enneapterygius abeli,Tripterygiidae,16.43,0.064,SEY23_0089
D002,Istigobius decoratus,Gobiidae,48.28,1.065,SEY23_D
D003,Istigobius decoratus,Gobiidae,38.25,0.524,SEY23_D
D004,Istigobius decoratus,Gobiidae,44.36,0.887,SEY23_D
D005,Pomacentrus caeruleus,Pomacentridae,22.72,0.218,SEY23_D
D006,Eviota guttata,Gobiidae,19.13,0.095,SEY23_0090
D007,Eviota guttata,Gobiidae,20.84,0.101,SEY23_0091
D008,Eviota guttata,Gobiidae,17.08,0.058,SEY23_0092
D009,Eviota guttata,Gobiidae,15.7,0.046,SEY23_0093
D010,Eviota guttata,Gobiidae,15.67,0.045,SIA_001
D011,Eviota guttata,Gobiidae,15.38,0.06,SIA_002
D012,Eviota guttata,Gobiidae,15.64,0.049,SIA_003
D013,Eviota guttata,Gobiidae,17.18,0.064,SIA_004
D014,Eviota guttata,Gobiidae,18.99,0.089,SIA_005
D015,Eviota nebulosa,Gobiidae,15.01,0.054,SEY23_0094
D016,Eviota nebulosa,Gobiidae,16.51,0.063,SEY23_0095
D017,Enneapterygius abeli,Tripterygiidae,18.28,0.067,SEY23_0096
D018,Eviota bipunctata,Gobiidae,14.18,0.037,SEY23_0097
D019,Eviota bipunctata,Gobiidae,14.11,0.042,SEY23_0098
D020,Pleurosicya mossambica,Gobiidae,21.14,0.115,SEY23_0099
D021,Pleurosicya mossambica,Gobiidae,20.68,0.094,SEY23_0100
D022,Eviota sebreei,Gobiidae,10.18,0.011,SEY23_0101
D023,Eviota sebreei,Gobiidae,9.97,0.013,SEY23_0102
D024,Eviota sebreei,Gobiidae,8.84,0.007,SEY23_0103
E001,Cirripectes filamentosus,Blenniidae,46.05,1.632,SIA_006/SEY23_E
E002,Cirripectes filamentosus,Blenniidae,47.18,1.977,SIA_007/SEY23_E
E003,Scorpaenodes kelloggi,Scorpaenidae,35.68,0.982,SEY23_E
E004,Istigobius decoratus,Gobiidae,30.74,0.326,SEY23_0104
E005,Glyptoparus delicatulus,Blenniidae,27.53,0.18,SEY23_0105
E006,Cabillus tongarevae,Gobiidae,22.89,0.172,SEY23_0106
E007,Enneapterygius abeli,Tripterygiidae,20.99,0.127,SIA_008
E008,Enneapterygius abeli,Tripterygiidae,21.7,0.144,SIA_009
E009,Enneapterygius abeli,Tripterygiidae,21.07,0.116,SIA_010
E010,Enneapterygius abeli,Tripterygiidae,20.45,0.095,SIA_011
E011,Enneapterygius abeli,Tripterygiidae,20.71,0.11,SIA_012
E012,Enneapterygius abeli,Tripterygiidae,20.58,0.087,SEY23_0107
E013,Enneapterygius abeli,Tripterygiidae,21.35,0.108,SEY23_0108
E014,Enneapterygius abeli,Tripterygiidae,21.29,0.114,SEY23_0109
E015,Enneapterygius abeli,Tripterygiidae,20.39,0.089,SEY23_0110
E016,Enneapterygius abeli,Tripterygiidae,19.71,0.083,SEY23_0111
E017,Enneapterygius abeli,Tripterygiidae,18.32,0.085,SEY23_0112
E018,Enneapterygius abeli,Tripterygiidae,19.23,0.081,SEY23_0113
E019,Enneapterygius abeli,Tripterygiidae,17.15,0.058,SEY23_0114
E020,Enneapterygius abeli,Tripterygiidae,18.41,0.078,SEY23_0115
E021,Enneapterygius abeli,Tripterygiidae,18.4,0.061,SEY23_0116
E022,Enneapterygius abeli,Tripterygiidae,18.94,0.078,SEY23_0117
E023,Enneapterygius abeli,Tripterygiidae,18.72,0.069,SEY23_0118
E024,Enneapterygius abeli,Tripterygiidae,22.62,0.125,SEY23_0119
E025,Enneapterygius abeli,Tripterygiidae,19.08,0.075,SEY23_0120
E026,Enneapterygius abeli,Tripterygiidae,18.3,0.066,SEY23_0121
E027,Enneapterygius abeli,Tripterygiidae,16.96,0.056,SEY23_0122
E028,Helcogramma fuscopinna,Tripterygiidae,15.52,0.031,SEY23_0123
E029,Enneapterygius abeli,Tripterygiidae,18.28,0.058,SEY23_0124
E030,Helcogramma fuscopinna,Tripterygiidae,20.04,0.1,SEY23_0125
E031,Enneapterygius abeli,Tripterygiidae,19.67,0.109,SEY23_0126
E032,Eviota guttata,Gobiidae,18.05,0.067,SEY23_0127
E033,Eviota guttata,Gobiidae,20.59,0.105,SIA_013
E034,Eviota guttata,Gobiidae,17.72,0.058,SIA_014
E035,Eviota guttata,Gobiidae,18.35,0.065,SIA_015
E036,Eviota guttata,Gobiidae,20.68,0.102,SIA_016
E037,Cirripectes filamentosus,Blenniidae,19.97,0.103,SIA_017
E038,Enneapterygius abeli,Tripterygiidae,16.73,0.054,SEY23_0128
E039,Enneapterygius abeli,Tripterygiidae,19.18,0.088,SEY23_0129
E040,Enneapterygius abeli,Tripterygiidae,17.69,0.07,SEY23_0130
E041,Eviota guttata,Gobiidae,16.12,0.05,SIA_018
E042,Enneapterygius abeli,Tripterygiidae,20.22,0.097,SEY23_0131
E043,Enneapterygius abeli,Tripterygiidae,19.72,0.091,SEY23_0132
E044,Cabillus tongarevae,Gobiidae,15.66,0.015,SEY23_0133
E045,Helcogramma fuscopinna,Tripterygiidae,20.68,0.192,SEY23_0134
E046,Eviota bipunctata,Gobiidae,16.13,0.05,SEY23_0135
E047,Eviota bipunctata,Gobiidae,15.39,0.05,SEY23_0136
E048,Eviota guttata,Gobiidae,19.09,0.095,SEY23_0137
E049,Eviota nebulosa,Gobiidae,16.38,0.079,SEY23_0138
E050,Priolepis kappa,Gobiidae,11.18,0.034,SEY23_0139
E051,Glyptoparus delicatulus,Blenniidae,21.71,0.122,SEY23_0140
E052,Enneapterygius abeli,Tripterygiidae,17.58,0.063,SEY23_0141
E053,Eviota bipunctata,Gobiidae,14.69,0.043,SEY23_0142
E054,Eviota nebulosa,Gobiidae,14.75,0.052,SEY23_0143
E055,Eviota bipunctata,Gobiidae,16.69,0.061,SEY23_0144
E056,Eviota bipunctata,Gobiidae,17.5,0.074,SEY23_0145
E057,Eviota bipunctata,Gobiidae,18.25,0.087,SEY23_0146
E058,Eviota bipunctata,Gobiidae,14.17,0.049,SEY23_0147
E059,Helcogramma sp,Tripterygiidae,15.44,0.033,SEY23_0148
E060,Eviota bipunctata,Gobiidae,13.41,0.036,SEY23_0149
E061,Eviota bipunctata,Gobiidae,15.63,0.058,SEY23_0150
E062,Eviota guttata,Gobiidae,14.18,NA,SEY23_0151
E063,Eviota guttata,Gobiidae,12.56,0.022,SEY23_0152
E064,Enneapterygius abeli,Tripterygiidae,12.86,0.024,SEY23_0153
E065,Enneapterygius abeli,Tripterygiidae,9.37,0.016,SEY23_0154
E066,Eviota guttata,Gobiidae,13.31,0.02,SEY23_0155
E067,Eviota guttata,Gobiidae,12.75,0.019,SEY23_0156
E068,Enneapterygius pallidus,Tripterygiidae,11.69,0.015,SEY23_0157
E069,Eviota bipunctata,Gobiidae,14.58,0.05,SEY23_0158
E070,Enneapterygius pallidus,Tripterygiidae,10.89,0.011,SEY23_0159
E071,Eviota bipunctata,Gobiidae,8.98,0.01,SEY23_0160
E072,Eviota bipunctata,Gobiidae,7.84,0.009,SEY23_0161
E073,Eviota bipunctata,Gobiidae,7.91,0.007,SEY23_0162
E074,Enneapterygius pallidus,Tripterygiidae,9.69,0.012,SEY23_0163
E075,Eviota bipunctata,Gobiidae,8.94,0.006,SEY23_0164
E076,Eviota bipunctata,Gobiidae,7.96,0.006,SEY23_0165
E077,Eviota bipunctata,Gobiidae,7.56,0.01,SEY23_0166
E078,Eviota bipunctata,Gobiidae,8.01,0.01,SEY23_0167
E079,Eviota nebulosa,Gobiidae,11.39,0.024,SEY23_0168
E080,Eviota bipunctata,Gobiidae,6.34,0.023,SEY23_0169
E081,Eviota bipunctata,Gobiidae,6.49,0.017,SEY23_0170
E082,Eviota bipunctata,Gobiidae,5.89,0.014,SEY23_0171
E083,Eviota bipunctata,Gobiidae,6.56,0.013,SEY23_0172
E084,Eviota nebulosa,Gobiidae,8.77,0.01,SEY23_0173
E085,Eviota bipunctata,Gobiidae,8.3,0.007,SEY23_0174
E086,Eviota bipunctata,Gobiidae,9.34,0.012,SEY23_0175
E087,Eviota bipunctata,Gobiidae,8.59,0.012,SEY23_0176
E088,Eviota bipunctata,Gobiidae,8.28,0.011,SEY23_0177
E089,Eviota prasina,Gobiidae,8.33,0.008,SEY23_0178
E090,Eviota prasina,Gobiidae,8.62,0.011,SEY23_0179
E091,Enneapterygius pallidus,Tripterygiidae,9.53,0.012,SEY23_0180
E092,Enneapterygius pallidus,Tripterygiidae,10.88,0.016,SEY23_0181
E093,Eviota bipunctata,Gobiidae,8.81,0.009,SEY23_0182
E094,Eviota bipunctata,Gobiidae,8.44,0.011,SEY23_0183
E095,Eviota bipunctata,Gobiidae,7.9,0.003,SEY23_0184
E096,Pomacentrus caeruleus,Pomacentridae,14.93,0.063,SEY23_0185
F001,Enneapterygius abeli,Tripterygiidae,22.78,0.133,SIA_019
F002,Enneapterygius abeli,Tripterygiidae,18.68,0.083,SIA_020
F003,Enneapterygius abeli,Tripterygiidae,17.23,0.059,SIA_021
F004,Enneapterygius abeli,Tripterygiidae,17.34,0.062,SIA_022
F005,Enneapterygius abeli,Tripterygiidae,16.79,0.059,SIA_023
F006,Helcogramma fuscopinna,Tripterygiidae,14.49,0.035,SEY23_0186
F007,Enneapterygius abeli,Tripterygiidae,17.91,0.086,SEY23_0187
F008,Eviota guttata,Gobiidae,19.98,0.122,SIA_024
F009,Eviota guttata,Gobiidae,21.13,0.127,SIA_025
F010,Eviota guttata,Gobiidae,19.19,0.1,SIA_026
F011,Eviota guttata,Gobiidae,14.17,0.041,SIA_027
F012,Eviota guttata,Gobiidae,12.85,0.031,SIA_028A
F013,Eviota nebulosa,Gobiidae,17.24,0.075,SEY23_0188
F014,Callogobius flavobrunneus,Gobiidae,20.38,0.112,SEY23_0189
F015,Eviota bipunctata,Gobiidae,12.54,0.037,SEY23_0190
F016,Eviota bipunctata,Gobiidae,15.22,0.066,SEY23_0191
F017,Eviota bipunctata,Gobiidae,15.83,0.079,SEY23_0192
F018,Eviota nebulosa,Gobiidae,14.57,0.049,SEY23_0193
F019,Eviota bipunctata,Gobiidae,13.28,0.048,SEY23_0194
F020,Plesiops coeruleolineatus,Plesiopidae,11.89,0.046,SEY23_0195
F021,Pomacentrus caeruleus,Pomacentridae,30.18,0.629,SEY23_F
F022,Apogon coccineus,Apogonidae,26.54,0.374,SEY23_0196
F023,Plesiops coeruleolineatus,Plesiopidae,10.47,0.022,SEY23_0197
F024,Plesiops coeruleolineatus,Plesiopidae,25.39,0.277,SEY23_0198
F025,Eviota prasina,Gobiidae,15.28,0.053,SEY23_0199
F026,Eviota nebulosa,Gobiidae,14.01,0.052,SEY23_0200
F027,Enneapterygius cf tutuilae,Tripterygiidae,19.17,0.082,SEY23_0201
F028,Plesiops coeruleolineatus,Plesiopidae,11.17,0.018,SEY23_0202
F029,Enneapterygius abeli,Tripterygiidae,18.27,0.09,SEY23_0203
F030,Eviota bipunctata,Gobiidae,8.22,0.008,SEY23_0204
F031,Eviota bipunctata,Gobiidae,8.26,0.007,SEY23_0205
F032,Eviota bipunctata,Gobiidae,8.98,0.008,SEY23_0206
F033,Eviota bipunctata,Gobiidae,7.4,0.007,SEY23_0207
F034,Eviota bipunctata,Gobiidae,7.76,0.007,SEY23_0208
F035,Eviota bipunctata,Gobiidae,7.18,0.005,SEY23_0209
F036,Eviota bipunctata,Gobiidae,8.82,0.008,SEY23_0210
F037,Eviota bipunctata,Gobiidae,9.1,0.007,SEY23_0211
F038,Eviota bipunctata,Gobiidae,9.28,0.01,SEY23_0212
F039,Eviota bipunctata,Gobiidae,7.41,0.006,SEY23_0213
F040,Eviota bipunctata,Gobiidae,7.71,0.007,SEY23_0214
F041,Eviota bipunctata,Gobiidae,8.18,0.01,SEY23_0215
F042,Eviota bipunctata,Gobiidae,7.46,0.006,SEY23_0216
F043,Eviota bipunctata,Gobiidae,7.56,0.004,SEY23_0217
F044,Eviota bipunctata,Gobiidae,7.68,0.004,SEY23_0218
G001,Ecsenius nalolo,Blenniidae,24.31,0.175,SEY23_0219
G002,Eviota guttata,Gobiidae,19.89,0.089,SIA_028B
G003,Gobiodon rivulatus,Gobiidae,19.1,0.153,SEY23_0220
G004,Enneapterygius abeli,Tripterygiidae,20.03,0.081,SIA_029
G005,Enneapterygius abeli,Tripterygiidae,16.47,0.053,SIA_030
G006,Enneapterygius abeli,Tripterygiidae,22.45,0.146,SIA_031
G007,Enneapterygius abeli,Tripterygiidae,22.76,0.139,SIA_032
G008,Enneapterygius abeli,Tripterygiidae,20.89,0.094,SIA_033
G009,Enneapterygius abeli,Tripterygiidae,21.64,0.123,SEY23_0221
G010,Enneapterygius abeli,Tripterygiidae,19.24,0.069,SEY23_0222
G011,Enneapterygius abeli,Tripterygiidae,18.93,0.074,SEY23_0223
G012,Enneapterygius abeli,Tripterygiidae,21.08,0.108,SEY23_0224
G013,Enneapterygius abeli,Tripterygiidae,18.77,0.072,SEY23_0225
G014,Enneapterygius abeli,Tripterygiidae,23.51,0.143,SEY23_0226
G015,Eviota guttata,Gobiidae,14.3,0.036,SIA_034
G016,Cirripectes filamentosus,Blenniidae,23.35,0.213,SIA_035
G017,Enneapterygius abeli,Tripterygiidae,23.8,0.148,SEY23_0227
G018,Enneapterygius abeli,Tripterygiidae,22,0.134,SEY23_0228
G019,Eviota guttata,Gobiidae,16.79,0.057,SIA_036
G020,Enneapterygius abeli,Tripterygiidae,18.02,0.057,SEY23_0229
G021,Helcogramma fuscopinna,Tripterygiidae,15.52,0.032,SEY23_0230
G022,Eviota guttata,Gobiidae,12.42,0.016,SIA_037
G023,Eviota pseudostigma,Gobiidae,13.38,0.034,SEY23_0231
G024,Helcogramma fuscopinna,Tripterygiidae,14.73,0.028,SEY23_0232
G025,Eviota bipunctata,Gobiidae,13.91,0.031,SEY23_0233
G026,Enneapterygius abeli,Tripterygiidae,17.07,0.068,SEY23_0234
G027,Eviota guttata,Gobiidae,13.46,0.021,SIA_038
G028,Eviota guttata,Gobiidae,12.03,0.017,SIA_039
G029,Eviota bipunctata,Gobiidae,14.42,0.069,SEY23_0235
G030,Eviota bipunctata,Gobiidae,8.5,0.007,SEY23_0236
G031,Siphamia mossambica,Apogonidae,12.48,0.022,SEY23_0237
G032,Helcogramma fuscopinna,Tripterygiidae,38.81,0.687,SEY23_G
G033,Helcogramma fuscopinna,Tripterygiidae,44.35,1.062,SEY23_G
G034,Helcogramma fuscopinna,Tripterygiidae,35.77,0.557,SEY23_G
G035,Helcogramma fuscopinna,Tripterygiidae,36.95,0.608,SEY23_G
G036,Plesiops coeruleolineatus,Plesiopidae,39.91,1.044,SEY23_G
G037,Ostorhinchus cyanosoma,Apogonidae,61.43,4.279,SEY23_G
G038,Chromis weberi,Pomacentridae,60.51,4.395,SEY23_G1
G039,Cabillus tongarevae,Gobiidae,25.37,0.262,SEY23_0238
G040,Enneapterygius cf tutuilae,Tripterygiidae,32.6,0.272,SEY23_0239
G041,Helcogramma fuscopinna,Tripterygiidae,30.29,0.283,SEY23_0240
G042,Helcogramma fuscopinna,Tripterygiidae,36.61,0.591,SEY23_0241
G043,Enneapterygius abeli,Tripterygiidae,22.43,0.105,SEY23_0242
G044,Helcogramma fuscopinna,Tripterygiidae,35.53,0.525,SEY23_0243
G045,Helcogramma fuscopinna,Tripterygiidae,34.17,0.447,SEY23_0244
G046,Ecsenius nalolo,Blenniidae,44.15,0.955,SEY23_G1
G047,Halichoeres nebulosus,Labridae,46.75,1.352,SEY23_G1
G048,Thalassoma hebraicum,Labridae,31.26,0.419,SEY23_0245
G049,Synodus variegatus,Synodontidae,36.64,0.369,SEY23_G1
H001,Pomacentrus caeruleus,Pomacentridae,44.75,1.59,SEY23_H
H002,Pomacentrus caeruleus,Pomacentridae,39.51,1.149,SEY23_H
H003,Pomacentrus caeruleus,Pomacentridae,28.11,0.393,SEY23_H
H004,Pomacentrus caeruleus,Pomacentridae,32.55,0.53,SEY23_H
H005,Ostorhinchus angustatus,Apogonidae,25.64,0.248,SEY23_H
H006,Pterocaesio tile,Caesionidae,99.27,7.713,SEY23_H
H007,Ostorhinchus cyanosoma,Apogonidae,28.51,0.399,SEY23_0246
H008,Ostorhinchus cyanosoma,Apogonidae,35.55,0.725,SEY23_H
H009,Cirrhitichthys oxycephalus,Cirrhitidae,41.14,1.15,SEY23_H
H010,Priolepis cincta,Gobiidae,30.75,0.35,SEY23_0247
H011,Plesiops coeruleolineatus,Plesiopidae,12.84,0.033,SEY23_0248
H012,Cirrhilabrus exquisitus,Labridae,15.76,0.056,SEY23_0249
H013,Pomacentrus caeruleus,Pomacentridae,15.99,0.057,SEY23_0250
H014,Ostorhinchus cyanosoma,Apogonidae,12.17,0.033,SEY23_0251
H015,Eviota sebreei,Gobiidae,15.52,0.036,SEY23_0252
H016,Eviota zebrina,Gobiidae,9.97,0.01,SEY23_0253
H017,Eviota sebreei,Gobiidae,9.6,0.008,SEY23_0254
H018,Eviota sebreei,Gobiidae,8.84,0.005,SEY23_0255
H019,Eviota zebrina,Gobiidae,15.17,0.036,SEY23_0256
H020,Eviota sp,Gobiidae,8.34,0.01,SEY23_0257
H021,Eviota zebrina,Gobiidae,9.01,0.011,SEY23_0258
H022,Eviota sebreei,Gobiidae,8.97,0.006,SEY23_0259
H023,Eviota zebrina,Gobiidae,8.39,0.012,SEY23_0260
H024,Eviota sebreei,Gobiidae,8.87,0.008,SEY23_0261
H025,Labridae sp,Labridae,6.72,0.005,SEY23_0262
I001,Muraenidae sp,Muraenidae,65.21,0.478,SEY23_I
I002,Cirrhilabrus exquisitus,Labridae,33.35,0.608,SEY23_I
I003,Scorpaenodes hirsutus,Scorpaenidae,40.09,1.129,SEY23_I
I004,Apogon coccineus,Apogonidae,41.9,1.072,SEY23_I
I005,Aporops bilinearis,Grammistidae,47.88,1.727,SEY23_I
I006,Plesiops coeruleolineatus,Plesiopidae,28.57,0.424,SEY23_I
I007,Plesiops coeruleolineatus,Plesiopidae,27.63,0.328,SEY23_0263
I008,Gobiodon rivulatus,Gobiidae,27.53,0.499,SEY23_0264
I009,Callogobius sclateri,Gobiidae,24.66,0.184,SEY23_0265
I010,Siphamia mossambica,Apogonidae,11.4,0.032,SEY23_0266
I011,Eviota notata,Gobiidae,14.44,0.052,SEY23_0267
I012,Eviota notata,Gobiidae,NA,0.064,SEY23_0268
I013,Callogobius sclateri,Gobiidae,19.74,0.097,SEY23_0269
I014,Eviota sebreei,Gobiidae,14.96,0.031,SEY23_0270
I015,Eviota guttata,Gobiidae,19.12,0.087,SIA-040
I016,Eviota notata,Gobiidae,12.96,0.024,SEY23_0271
I017,Eviota bipunctata,Gobiidae,13.4,0.032,SEY23_0272
I018,Eviota sebreei,Gobiidae,9.21,0.008,SEY23_0273
I019,Eviota sp,Gobiidae,8.23,0.009,SEY23_0274
I020,Eviota springeri,Gobiidae,8.91,0.006,SEY23_0275
I021,Echidna polyzona,Muraenidae,141.01,10,SEY23_I1
I022,Gymnothorax buroensis,Muraenidae,182,28.972,SEY23_I2
J001,Pseudocheilinus hexataenia,Labridae,50.52,2.142,J
J002,Cirripectes filamentosus,Blenniidae,56.46,3.4,SIA_041 + J
J003,Cirripectes filamentosus,Blenniidae,59.88,3.953,SIA_042 + J
J004,Scorpaenodes parvipinnis,Scorpaenidae,100.91,23.739,
J005,Taeniamia fucata,Apogonidae,67.24,3.875,J1
J006,Taeniamia fucata,Apogonidae,68.38,5.109,J1
J007,Taeniamia fucata,Apogonidae,65.2,4.822,J2
J008,Taeniamia fucata,Apogonidae,45.47,1.273,J2
J009,Taeniamia fucata,Apogonidae,59.99,2.944,J2
J010,Corythoichthys amplexus,Syngnathidae,77.28,0.429,Gifted
J011,Enneapterygius cf tutuilae,Tripterygiidae,26.94,0.285,SEY23_0276
J012,Trimmatom pharus,Gobiidae,15.09,0.034,SEY23_0277
J013,Parapriacanthus guentheri,Pempheridae,49.96,1.61,J2
J014,Parapriacanthus guentheri,Pempheridae,49.58,1.607,J2
J015,Parapriacanthus guentheri,Pempheridae,51.93,1.719,J2
J016,Parapriacanthus guentheri,Pempheridae,50.91,2,J2
J017,Parapriacanthus guentheri,Pempheridae,48.54,1.406,J2
J018,Parapriacanthus guentheri,Pempheridae,48.08,1.493,J2
J019,Parapriacanthus guentheri,Pempheridae,50.5,1.525,PG
J020,Parapriacanthus guentheri,Pempheridae,53.54,1.982,PG
J021,Parapriacanthus guentheri,Pempheridae,54.92,1.029,PG
J022,Parapriacanthus guentheri,Pempheridae,49.23,1.7,PG
J023,Parapriacanthus guentheri,Pempheridae,47.67,1.424,PG
J024,Parapriacanthus guentheri,Pempheridae,58,2.517,PG
J025,Parapriacanthus guentheri,Pempheridae,46.63,1.415,PG
J026,Parapriacanthus guentheri,Pempheridae,52.24,1.906,PG
J027,Parapriacanthus guentheri,Pempheridae,53.05,2.07,PG
J028,Parapriacanthus guentheri,Pempheridae,56.43,2.261,PG
J029,Parapriacanthus guentheri,Pempheridae,56.49,1.96,PG
J030,Parapriacanthus guentheri,Pempheridae,48.18,1.57,PG
J031,Parapriacanthus guentheri,Pempheridae,46.62,1.393,PG
J032,Parapriacanthus guentheri,Pempheridae,59.97,1.92,PG
J033,Parapriacanthus guentheri,Pempheridae,44.86,1.221,PG
J034,Parapriacanthus guentheri,Pempheridae,50.95,1.691,PG
J035,Parapriacanthus guentheri,Pempheridae,50.96,1.843,PG
J036,Parapriacanthus guentheri,Pempheridae,53.48,1.878,PG
J037,Parapriacanthus guentheri,Pempheridae,52.08,1.841,PG
J038,Parapriacanthus guentheri,Pempheridae,51.06,1.752,PG
J039,Parapriacanthus guentheri,Pempheridae,52.03,1.935,PG
J040,Parapriacanthus guentheri,Pempheridae,44.57,1.1,PG
J041,Parapriacanthus guentheri,Pempheridae,51.08,1.704,PG
J042,Parapriacanthus guentheri,Pempheridae,48.92,1.433,PG
J043,Parapriacanthus guentheri,Pempheridae,50.84,1.595,PG
J044,Parapriacanthus guentheri,Pempheridae,53.95,1.93,PG
J045,Parapriacanthus guentheri,Pempheridae,54.97,1.72,PG
J046,Parapriacanthus guentheri,Pempheridae,51.97,1.452,PG
J047,Parapriacanthus guentheri,Pempheridae,41.85,0.948,PG
J048,Parapriacanthus guentheri,Pempheridae,48.1,1.467,PG
J049,Parapriacanthus guentheri,Pempheridae,49.82,1.737,PG
J050,Parapriacanthus guentheri,Pempheridae,43.49,1.064,PG
J051,Parapriacanthus guentheri,Pempheridae,51.15,1.685,PG
J052,Parapriacanthus guentheri,Pempheridae,59.06,1.56,PG
J053,Parapriacanthus guentheri,Pempheridae,51.97,1.949,PG
J054,Parapriacanthus guentheri,Pempheridae,59.11,1.93,PG
J055,Parapriacanthus guentheri,Pempheridae,51.4,1.858,PG
J056,Parapriacanthus guentheri,Pempheridae,49.63,1.618,PG
J057,Parapriacanthus guentheri,Pempheridae,58.02,2.315,PG
J058,Parapriacanthus guentheri,Pempheridae,47.5,1.487,PG
J059,Parapriacanthus guentheri,Pempheridae,48.22,1.416,PG
J060,Parapriacanthus guentheri,Pempheridae,52.03,1.576,PG
J061,Parapriacanthus guentheri,Pempheridae,56.29,2.314,PG
J062,Parapriacanthus guentheri,Pempheridae,50.61,1.609,PG
J063,Parapriacanthus guentheri,Pempheridae,45.7,1.183,PG
J064,Parapriacanthus guentheri,Pempheridae,51.16,1.805,PG
J065,Parapriacanthus guentheri,Pempheridae,51.6,1.756,PG
J066,Parapriacanthus guentheri,Pempheridae,53.02,1.884,PG
J067,Parapriacanthus guentheri,Pempheridae,46.81,1.326,PG
J068,Parapriacanthus guentheri,Pempheridae,50.14,1.566,PG
J069,Parapriacanthus guentheri,Pempheridae,51.76,1.725,PG
J070,Parapriacanthus guentheri,Pempheridae,48.36,1.444,PG
J071,Parapriacanthus guentheri,Pempheridae,50.88,1.739,PG
J072,Parapriacanthus guentheri,Pempheridae,46.6,1.386,PG
J073,Parapriacanthus guentheri,Pempheridae,50.85,1.773,PG
J074,Parapriacanthus guentheri,Pempheridae,56.35,2.37,PG
J075,Parapriacanthus guentheri,Pempheridae,48.76,1.378,PG
J076,Parapriacanthus guentheri,Pempheridae,54.79,1.919,PG
J077,Parapriacanthus guentheri,Pempheridae,59.96,1.565,PG
J078,Parapriacanthus guentheri,Pempheridae,47.26,1.352,PG
J079,Parapriacanthus guentheri,Pempheridae,48.83,1.585,PG
J080,Parapriacanthus guentheri,Pempheridae,45.34,1.242,PG
J081,Parapriacanthus guentheri,Pempheridae,43.4,1.356,PG
J082,Parapriacanthus guentheri,Pempheridae,51.49,1.707,PG
J083,Parapriacanthus guentheri,Pempheridae,49.37,1.692,PG
J084,Parapriacanthus guentheri,Pempheridae,48.28,1.647,PG
J085,Parapriacanthus guentheri,Pempheridae,43.43,0.992,PG
J086,Parapriacanthus guentheri,Pempheridae,51.51,1.764,PG
J087,Parapriacanthus guentheri,Pempheridae,47.88,1.39,PG
J088,Parapriacanthus guentheri,Pempheridae,53.57,1.906,PG
J089,Parapriacanthus guentheri,Pempheridae,49.55,1.524,PG
J090,Parapriacanthus guentheri,Pempheridae,49.74,1.468,PG
J091,Parapriacanthus guentheri,Pempheridae,47.95,1.353,PG
J092,Parapriacanthus guentheri,Pempheridae,51.42,1.839,PG
J093,Parapriacanthus guentheri,Pempheridae,51.53,2.322,PG
J094,Parapriacanthus guentheri,Pempheridae,48.81,1.499,PG
J095,Parapriacanthus guentheri,Pempheridae,53.32,1.966,PG
J096,Parapriacanthus guentheri,Pempheridae,47.75,1.521,PG
J097,Parapriacanthus guentheri,Pempheridae,52.4,1.77,PG
J098,Parapriacanthus guentheri,Pempheridae,49.43,1.471,PG
J099,Parapriacanthus guentheri,Pempheridae,48.97,1.393,PG
J100,Parapriacanthus guentheri,Pempheridae,49.51,1.557,PG
J101,Parapriacanthus guentheri,Pempheridae,51.54,2.064,PG
J102,Parapriacanthus guentheri,Pempheridae,49.13,1.501,SIA_PG01
J103,Parapriacanthus guentheri,Pempheridae,52.23,1.931,SIA_PG02
J104,Parapriacanthus guentheri,Pempheridae,49.44,1.572,SIA_PG03
J105,Parapriacanthus guentheri,Pempheridae,42.32,1.608,SIA_PG04
J106,Parapriacanthus guentheri,Pempheridae,53.88,2.358,SIA_PG05
J107,Parapriacanthus guentheri,Pempheridae,51.72,1.82,SIA_PG06
J108,Parapriacanthus guentheri,Pempheridae,44.5,1.116,SIA_PG07
J109,Parapriacanthus guentheri,Pempheridae,53.28,1.95,SIA_PG08
J110,Parapriacanthus guentheri,Pempheridae,48.34,1.419,SIA_PG09
J111,Parapriacanthus guentheri,Pempheridae,45.95,1.351,SIA_PG10
J112,Parapriacanthus guentheri,Pempheridae,47.28,1.341,PG
J113,Parapriacanthus guentheri,Pempheridae,51.42,1.73,PG
J114,Parapriacanthus guentheri,Pempheridae,58.23,2.576,PG
J115,Parapriacanthus guentheri,Pempheridae,51.44,1.739,PG
J116,Parapriacanthus guentheri,Pempheridae,47.96,1.528,PG
J117,Parapriacanthus guentheri,Pempheridae,48.48,1.495,PG
J118,Parapriacanthus guentheri,Pempheridae,53.47,1.958,PG
J119,Parapriacanthus guentheri,Pempheridae,46.35,1.296,PG
J120,Parapriacanthus guentheri,Pempheridae,51.84,1.924,PG
J121,Parapriacanthus guentheri,Pempheridae,48.45,1.462,PG
J122,Parapriacanthus guentheri,Pempheridae,50.77,1.622,PG
J123,Parapriacanthus guentheri,Pempheridae,48.95,1.555,PG
J124,Parapriacanthus guentheri,Pempheridae,47.8,1.515,PG
J125,Parapriacanthus guentheri,Pempheridae,50.04,1.739,PG
J126,Parapriacanthus guentheri,Pempheridae,44.91,1.198,PG
J127,Parapriacanthus guentheri,Pempheridae,48.73,1.46,PG
J128,Parapriacanthus guentheri,Pempheridae,52.06,1.985,PG
J129,Parapriacanthus guentheri,Pempheridae,52.78,1.764,PG
J130,Parapriacanthus guentheri,Pempheridae,50.53,1.568,PG
J131,Parapriacanthus guentheri,Pempheridae,45.19,1.144,PG
J132,Parapriacanthus guentheri,Pempheridae,51.75,1.812,PG
J133,Parapriacanthus guentheri,Pempheridae,53.01,1.977,PG
J134,Parapriacanthus guentheri,Pempheridae,50.52,1.76,PG
J135,Parapriacanthus guentheri,Pempheridae,45.48,1.413,PG
J136,Parapriacanthus guentheri,Pempheridae,51.4,1.761,PG
J137,Parapriacanthus guentheri,Pempheridae,47.96,1.442,PG
J138,Parapriacanthus guentheri,Pempheridae,50.72,1.609,PG
J139,Parapriacanthus guentheri,Pempheridae,48.72,1.469,PG
J140,Parapriacanthus guentheri,Pempheridae,40.73,0.834,PG
J141,Parapriacanthus guentheri,Pempheridae,47.93,1.4,PG
J142,Parapriacanthus guentheri,Pempheridae,49.05,1.587,PG
J143,Parapriacanthus guentheri,Pempheridae,50.22,1.696,PG
J144,Parapriacanthus guentheri,Pempheridae,54.06,2.07,PG
J145,Parapriacanthus guentheri,Pempheridae,53.73,1.714,PG
J146,Parapriacanthus guentheri,Pempheridae,50.78,1.712,PG
J147,Parapriacanthus guentheri,Pempheridae,51.22,2.054,PG
J148,Parapriacanthus guentheri,Pempheridae,49.85,1.562,PG
J149,Parapriacanthus guentheri,Pempheridae,48.56,1.573,PG
J150,Parapriacanthus guentheri,Pempheridae,47.86,1.554,PG
J151,Parapriacanthus guentheri,Pempheridae,50.84,1.711,PG
J152,Parapriacanthus guentheri,Pempheridae,48.91,1.422,PG
J153,Parapriacanthus guentheri,Pempheridae,55.49,2.343,PG
J154,Parapriacanthus guentheri,Pempheridae,48.97,1.523,PG
J155,Parapriacanthus guentheri,Pempheridae,42.45,1.972,PG
J156,Parapriacanthus guentheri,Pempheridae,51.05,1.707,PG
J157,Parapriacanthus guentheri,Pempheridae,49.48,1.321,PG
J158,Parapriacanthus guentheri,Pempheridae,49.47,1.533,PG
J159,Parapriacanthus guentheri,Pempheridae,51.27,1.807,PG
J160,Parapriacanthus guentheri,Pempheridae,48.99,1.478,PG
J161,Parapriacanthus guentheri,Pempheridae,51.67,1.733,PG
J162,Parapriacanthus guentheri,Pempheridae,53.18,1.889,PG
J163,Parapriacanthus guentheri,Pempheridae,44.78,1.019,PG
J164,Parapriacanthus guentheri,Pempheridae,47.33,1.322,PG
J165,Parapriacanthus guentheri,Pempheridae,40.09,0.769,PG
J166,Parapriacanthus guentheri,Pempheridae,48.66,1.346,PG
J167,Parapriacanthus guentheri,Pempheridae,49.53,1.597,PG
J168,Parapriacanthus guentheri,Pempheridae,48.2,1.469,PG
J169,Parapriacanthus guentheri,Pempheridae,49.52,1.616,PG
J170,Parapriacanthus guentheri,Pempheridae,51.16,1.822,PG
J171,Parapriacanthus guentheri,Pempheridae,50.56,1.543,PG
J172,Parapriacanthus guentheri,Pempheridae,49.63,1.582,PG
J173,Parapriacanthus guentheri,Pempheridae,52.97,1.9,PG
J174,Parapriacanthus guentheri,Pempheridae,49.5,1.535,PG
J175,Parapriacanthus guentheri,Pempheridae,48.88,1.639,PG
J176,Parapriacanthus guentheri,Pempheridae,56.85,2.305,PG
J177,Parapriacanthus guentheri,Pempheridae,50.18,1.678,PG
J178,Parapriacanthus guentheri,Pempheridae,51.18,1.678,PG
J179,Parapriacanthus guentheri,Pempheridae,50.45,1.658,PG
J180,Parapriacanthus guentheri,Pempheridae,49.39,1.468,PG
J181,Parapriacanthus guentheri,Pempheridae,48.62,1.511,PG
J182,Verulux cypserulus,Apogonidae,49.36,1.167,VC
J183,Verulux cypserulus,Apogonidae,49.61,1.254,VC
J184,Verulux cypserulus,Apogonidae,48.18,1.343,VC
J185,Verulux cypserulus,Apogonidae,44.93,0.966,VC
J186,Verulux cypserulus,Apogonidae,43.28,1.467,VC
J187,Verulux cypserulus,Apogonidae,40.31,1.257,VC
J188,Verulux cypserulus,Apogonidae,46.7,0.828,VC
J189,Verulux cypserulus,Apogonidae,51.62,1.234,VC
J190,Verulux cypserulus,Apogonidae,46.94,0.749,VC
J191,Verulux cypserulus,Apogonidae,50.94,1.295,VC
J192,Verulux cypserulus,Apogonidae,46.91,1.752,VC
J193,Verulux cypserulus,Apogonidae,57.5,0.95,VC
J194,Verulux cypserulus,Apogonidae,52.08,1.184,VC
J195,Verulux cypserulus,Apogonidae,50.09,1.566,VC
J196,Verulux cypserulus,Apogonidae,51.63,1.29,VC
J197,Verulux cypserulus,Apogonidae,49.25,1.139,VC
J198,Verulux cypserulus,Apogonidae,50.8,1.393,VC
J199,Verulux cypserulus,Apogonidae,38.55,0.458,VC
J200,Verulux cypserulus,Apogonidae,46.08,1.143,VC
J201,Verulux cypserulus,Apogonidae,47.23,0.943,VC
J202,Verulux cypserulus,Apogonidae,49.2,1.187,VC
J203,Verulux cypserulus,Apogonidae,50.24,1.28,VC
J204,Verulux cypserulus,Apogonidae,40.53,0.585,VC
J205,Verulux cypserulus,Apogonidae,47.25,1.101,VC
J206,Verulux cypserulus,Apogonidae,45.22,0.753,VC
J207,Verulux cypserulus,Apogonidae,53.85,1.547,VC
J208,Verulux cypserulus,Apogonidae,46.38,0.858,VC
J209,Verulux cypserulus,Apogonidae,44.25,0.924,VC
J210,Verulux cypserulus,Apogonidae,55.81,1.789,VC
J211,Verulux cypserulus,Apogonidae,50.7,1.375,VC
J212,Verulux cypserulus,Apogonidae,51.23,1.401,VC
J213,Verulux cypserulus,Apogonidae,53.2,1.504,VC
J214,Verulux cypserulus,Apogonidae,49.71,1.104,VC
J215,Verulux cypserulus,Apogonidae,48.71,1.103,VC
J216,Verulux cypserulus,Apogonidae,50.45,1.229,VC
J217,Verulux cypserulus,Apogonidae,44.88,0.82,VC
J218,Verulux cypserulus,Apogonidae,47.15,1.072,VC
J219,Verulux cypserulus,Apogonidae,46.31,0.013,VC
J220,Verulux cypserulus,Apogonidae,46.31,0.882,VC
J221,Verulux cypserulus,Apogonidae,44.6,0.949,VC
J222,Verulux cypserulus,Apogonidae,47.08,0.925,VC
J223,Verulux cypserulus,Apogonidae,46.92,0.935,VC
J224,Verulux cypserulus,Apogonidae,40.06,1.101,VC
J225,Verulux cypserulus,Apogonidae,49.68,1.238,VC
J226,Verulux cypserulus,Apogonidae,49.05,1.117,VC
J227,Verulux cypserulus,Apogonidae,44.79,0.863,VC
J228,Verulux cypserulus,Apogonidae,54.83,1.5,VC
J229,Verulux cypserulus,Apogonidae,51.18,1.224,VC
J230,Verulux cypserulus,Apogonidae,46.2,0.919,VC
J231,Verulux cypserulus,Apogonidae,42.44,0.685,VC
J232,Verulux cypserulus,Apogonidae,46.64,0.931,VC
J233,Verulux cypserulus,Apogonidae,47.29,0.984,VC
J234,Verulux cypserulus,Apogonidae,49.36,1.202,VC
J235,Verulux cypserulus,Apogonidae,47.27,0.962,VC
J236,Verulux cypserulus,Apogonidae,43.72,0.762,VC
J237,Verulux cypserulus,Apogonidae,45.51,0.922,VC
J238,Verulux cypserulus,Apogonidae,49.86,1.917,VC
J239,Verulux cypserulus,Apogonidae,44,0.919,VC
J240,Verulux cypserulus,Apogonidae,49.24,0.99,VC
J241,Verulux cypserulus,Apogonidae,47.64,1.163,VC
J242,Verulux cypserulus,Apogonidae,49.45,1.039,VC
J243,Verulux cypserulus,Apogonidae,43.08,0.639,VC
J244,Verulux cypserulus,Apogonidae,48.42,1.017,VC
J245,Verulux cypserulus,Apogonidae,41.48,0.708,VC
J246,Verulux cypserulus,Apogonidae,44.71,0.895,VC
J247,Verulux cypserulus,Apogonidae,48.57,1.117,VC
J248,Verulux cypserulus,Apogonidae,45.4,0.833,VC
J249,Verulux cypserulus,Apogonidae,46.8,0.899,VC
J250,Verulux cypserulus,Apogonidae,49.17,1.124,VC
J251,Verulux cypserulus,Apogonidae,52.24,1.195,VC
J252,Verulux cypserulus,Apogonidae,46.63,1.088,VC
J253,Verulux cypserulus,Apogonidae,40.57,0.931,VC
J254,Verulux cypserulus,Apogonidae,40.86,0.831,VC
J255,Verulux cypserulus,Apogonidae,50.48,1.114,VC
J256,Verulux cypserulus,Apogonidae,47.69,0.93,VC
J257,Verulux cypserulus,Apogonidae,47.35,0.993,VC
J258,Verulux cypserulus,Apogonidae,49.98,1.03,VC
J259,Verulux cypserulus,Apogonidae,47.67,1.036,VC
J260,Verulux cypserulus,Apogonidae,49.3,1.137,VC
J261,Verulux cypserulus,Apogonidae,41.72,1.259,VC
J262,Verulux cypserulus,Apogonidae,46.1,0.859,VC
J263,Verulux cypserulus,Apogonidae,49.5,1.203,VC
J264,Verulux cypserulus,Apogonidae,43.67,0.928,VC
J265,Verulux cypserulus,Apogonidae,46.51,0.893,VC
J266,Verulux cypserulus,Apogonidae,47.39,0.921,VC
J267,Verulux cypserulus,Apogonidae,47.48,0.89,VC
J268,Verulux cypserulus,Apogonidae,43.12,1.298,VC
J269,Verulux cypserulus,Apogonidae,48.36,1.178,VC
J270,Verulux cypserulus,Apogonidae,49.31,1.075,VC
J271,Verulux cypserulus,Apogonidae,52.68,1.448,VC
J272,Verulux cypserulus,Apogonidae,45.52,0.802,VC
J273,Verulux cypserulus,Apogonidae,41.42,1.145,VC
J274,Verulux cypserulus,Apogonidae,47.7,1.004,VC
J275,Verulux cypserulus,Apogonidae,48.28,1.1,VC
J276,Verulux cypserulus,Apogonidae,45.16,0.882,VC
J277,Verulux cypserulus,Apogonidae,44.26,0.079,VC
J278,Verulux cypserulus,Apogonidae,49.16,1.097,VC
J279,Verulux cypserulus,Apogonidae,48.79,1.116,VC
J280,Verulux cypserulus,Apogonidae,44.07,0.695,VC
J281,Verulux cypserulus,Apogonidae,47.95,1.066,VC
J282,Verulux cypserulus,Apogonidae,48.61,1.085,SIA_VC01
J283,Verulux cypserulus,Apogonidae,97.91,0.888,SIA_VC02
J284,Verulux cypserulus,Apogonidae,51.07,1.11,SIA_VC03
J285,Verulux cypserulus,Apogonidae,43.98,0.761,SIA_VC04
J286,Verulux cypserulus,Apogonidae,46.37,0.91,SIA_VC05
J287,Verulux cypserulus,Apogonidae,43.89,0.688,SIA_VC06
J288,Verulux cypserulus,Apogonidae,46.27,1.028,SIA_VC07
J289,Verulux cypserulus,Apogonidae,47.54,0.968,SIA_VC08
J290,Verulux cypserulus,Apogonidae,48.28,0.932,SIA_VC09
J291,Verulux cypserulus,Apogonidae,45.75,0.93,SIA_VC10
J292,Verulux cypserulus,Apogonidae,44.8,0.794,VC
J293,Verulux cypserulus,Apogonidae,46.26,0.901,VC
J294,Verulux cypserulus,Apogonidae,44.15,0.818,VC
J295,Verulux cypserulus,Apogonidae,48.65,0.95,VC
J296,Parapriacanthus guentheri,Pempheridae,50.74,1.745,PG
J297,Parapriacanthus guentheri,Pempheridae,42.39,0.928,PG
J298,Verulux cypserulus,Apogonidae,45.4,0.928,J2
J299,Verulux cypserulus,Apogonidae,51.26,1.239,J2
J300,Verulux cypserulus,Apogonidae,30.2,0.288,SEY23_0278
K001,Plesiops coeruleolineatus,Plesiopidae,47.09,1.915,SEY23_K
K002,Plesiops coeruleolineatus,Plesiopidae,41.18,1.157,SEY23_K
K003,Plesiops coeruleolineatus,Plesiopidae,26.94,0.31,SEY23_0279
K004,Eviota springeri,Gobiidae,14.29,0.043,SEY23_0280
K005,Eviota guttata,Gobiidae,20.15,0.077,SIA_043
K006,Enneapterygius cf tutuilae,Tripterygiidae,10.7,0.096,SEY23_0281
K007,Eviota bipunctata,Gobiidae,12.57,0.031,SEY23_0282
K008,Eviota nebulosa,Gobiidae,15.85,0.052,SEY23_0283
K009,Priolepis compita,Gobiidae,16.71,0.048,SEY23_0284
K010,Eviota springeri,Gobiidae,12.74,0.031,SEY23_0285
K011,Eviota guttata,Gobiidae,14.76,0.03,SIA_044
K012,Eviota guttata,Gobiidae,13.27,0.011,SIA_045
K013,Eviota nebulosa,Gobiidae,10.33,0.009,SEY23_0286
K014,Eviota nebulosa,Gobiidae,9.47,0.005,SEY23_0287
K015,Eviota nebulosa,Gobiidae,9.61,0.009,SEY23_0288
L001,Enneapterygius abeli,Tripterygiidae,19.45,0.101,SEY23_0289
L002,Helcogramma fuscopinna,Tripterygiidae,35.37,0.577,SEY23_0290
L003,Glyptoparus delicatulus,Blenniidae,23.92,0.171,SEY23_0291
L004,Enneapterygius cf tutuilae,Tripterygiidae,25.05,0.198,SEY23_0292
L005,Helcogramma fuscopinna,Tripterygiidae,21.34,0.117,SEY23_0293
L006,Helcogramma fuscopinna,Tripterygiidae,34.19,0.449,SEY23_0294
L007,Enneapterygius elegans,Tripterygiidae,25.5,0.207,SEY23_0295
L008,Enneapterygius abeli,Tripterygiidae,21.81,0.123,SIA_046
L009,Helcogramma fuscopinna,Tripterygiidae,30.95,0.474,SEY23_0296
L010,Enneapterygius abeli,Tripterygiidae,19.83,0.081,SIA_047
L011,Enneapterygius abeli,Tripterygiidae,17.51,0.077,SIA_048
L012,Helcogramma fuscopinna,Tripterygiidae,16.9,0.043,SEY23_0297
L013,Glyptoparus delicatulus,Blenniidae,26.84,0.168,SEY23_0298
L014,Eviota bipunctata,Gobiidae,16.13,0.05,SEY23_0299
L015,Eviota bipunctata,Gobiidae,14.99,0.047,SEY23_0300
L016,Eviota bipunctata,Gobiidae,14.82,0.094,SEY23_0301
L017,Enneapterygius abeli,Tripterygiidae,19.2,0.083,SEY23_0302
L018,Enneapterygius abeli,Tripterygiidae,18.53,0.082,SIA_049
L019,Enneapterygius abeli,Tripterygiidae,19.18,0.079,SEY23_0303
L020,Eviota bipunctata,Gobiidae,19.12,0.097,SEY23_0304
L021,Enneapterygius abeli,Tripterygiidae,19.05,0.075,SIA_050
L022,Enneapterygius abeli,Tripterygiidae,22.29,0.131,SEY23_0305
L023,Enneapterygius abeli,Tripterygiidae,19.69,0.115,SEY23_0306
L024,Enneapterygius abeli,Tripterygiidae,19.13,0.073,SEY23_0307
L025,Eviota bipunctata,Gobiidae,11.81,0.028,SEY23_0308
L026,Eviota bipunctata,Gobiidae,15.66,0.056,SEY23_0309
L027,Pomacentrus caeruleus,Pomacentridae,22.64,0.294,SEY23_0310
L028,Gobiesocidae sp,Gobiesocidae,12.05,0.024,SEY23_0311
L029,Eviota bipunctata,Gobiidae,17.98,0.083,SEY23_0312
L030,Pomacentrus caeruleus,Pomacentridae,38.46,1.151,SEY23_L
L031,Eviota bipunctata,Gobiidae,6.92,0.011,SEY23_0313
L032,Eviota bipunctata,Gobiidae,14.67,0.046,SEY23_0314
L033,Eviota bipunctata,Gobiidae,15.24,0.049,SEY23_0315
L034,Eviota bipunctata,Gobiidae,12.81,0.024,SEY23_0316
L035,Eviota bipunctata,Gobiidae,9.77,0.018,SEY23_0317
L036,Eviota bipunctata,Gobiidae,7.73,0.006,SEY23_0318
L037,Eviota bipunctata,Gobiidae,8.86,0.01,SEY23_0319
L038,Helcogramma fuscopinna,Tripterygiidae,11.47,0.017,SEY23_0320
L039,Eviota bipunctata,Gobiidae,7.82,0.009,SEY23_0321
L040,Eviota bipunctata,Gobiidae,9.41,0.012,SEY23_0322
M001,Canthigaster janthinospera,Tetraodontidae,44.96,2.799,SEY23_M
M002,Enneapterygius elegans,Tripterygiidae,26.72,0.22,SIA_051
M003,Eviota prasina,Gobiidae,16.68,0.056,SEY23_0323
M004,Enneapterygius elegans,Tripterygiidae,25.75,0.217,SIA_052
M005,Enneapterygius elegans,Tripterygiidae,25.21,0.196,SIA_053
M006,Blenniidae sp,Blenniidae,32.57,0.401,SEY23_0324
M007,Helcogramma fuscopinna,Tripterygiidae,32.25,0.422,SEY23_0325
M008,Enneapterygius abeli,Tripterygiidae,21.54,0.132,SIA_054
M009,Eviota bipunctata,Gobiidae,15.96,0.056,SEY23_0326
M010,Eviota bipunctata,Gobiidae,18.29,0.095,SEY23_0327
M011,Gobiidae sp,Gobiidae,14.49,0.036,SEY23_0328
M012,Eviota bipunctata,Gobiidae,7.89,0.006,SEY23_0329
M013,Eviota bipunctata,Gobiidae,8.91,0.007,SEY23_0330
M014,Enneapterygius elegans,Tripterygiidae,24.3,0.17,SIA_055
M015,Enneapterygius elegans,Tripterygiidae,22.77,0.147,SEY23_0331
M016,Enneapterygius elegans,Tripterygiidae,28.22,0.27,SEY23_0332
M017,Eviota bipunctata,Gobiidae,7.26,0.004,SEY23_0333
M018,Eviota bipunctata,Gobiidae,8.02,0.012,SEY23_0334
M019,Eviota bipunctata,Gobiidae,9.26,0.006,SEY23_0335
N001,Cirripectes filamentosus,Blenniidae,42.38,1.198,SIA_056
N002,Gobiodon rivulatus,Gobiidae,28.17,0.528,SEY23_0336
N003,Gobiodon rivulatus,Gobiidae,28.31,0.61,SEY23_0337
N004,Gobiodon rivulatus,Gobiidae,15.81,0.063,SEY23_0338
N005,Gobiodon rivulatus,Gobiidae,13.02,0.03,SEY23_0339
N006,Eviota bipunctata,Gobiidae,16.69,0.059,SEY23_0340
N007,Enneapterygius abeli,Tripterygiidae,16.67,0.058,SIA_057
N008,Enneapterygius abeli,Tripterygiidae,20,0.073,SIA_058
N009,Eviota nebulosa,Gobiidae,14.91,0.035,SEY23_0341
N010,Eviota guttata,Gobiidae,NA,NA,SIA_059
N011,Eviota bipunctata,Gobiidae,16.69,0.059,SEY23_0342
N012,Eviota bipunctata,Gobiidae,14.1,0.036,SEY23_0343
N013,Eviota distigma,Gobiidae,9.33,0.009,SEY23_0344
N014,Eviota nebulosa,Gobiidae,13.49,0.032,SEY23_0345
N015,Eviota bipunctata,Gobiidae,14.98,0.041,SEY23_0346
N016,Eviota prasina,Gobiidae,18.08,0.012,SEY23_0347
N017,Enneapterygius pallidus,Tripterygiidae,11.14,0.037,SEY23_0348
N018,Eviota bipunctata,Gobiidae,14.06,0.006,SEY23_0349
N019,Eviota bipunctata,Gobiidae,19.38,0.009,SEY23_0350
N020,Eviota bipunctata,Gobiidae,8.71,0.006,SEY23_0351
N021,Eviota bipunctata,Gobiidae,9.53,0.01,SEY23_0352
N022,Eviota bipunctata,Gobiidae,7.05,0.003,SEY23_0353
N023,Eviota bipunctata,Gobiidae,8.77,0.003,SEY23_0354
O001,Cirripectes filamentosus,Blenniidae,54.5,2.79,SIA_060
O002,Cirripectes filamentosus,Blenniidae,31.21,0.469,SIA_061
O003,Cirripectes filamentosus,Blenniidae,28.14,0.337,SIA_062
O004,Cirripectes filamentosus,Blenniidae,20.72,0.127,SEY23_0355
O005,Apogon coccineus,Apogonidae,21.41,0.151,SEY23_0356
O006,Gobiodon rivulatus,Gobiidae,22.5,0.23,SEY23_0357
O007,Gobiodon bilineatus,Gobiidae,20.87,0.21,SEY23_0358
O008,Gobiodon rivulatus,Gobiidae,23.45,0.297,SEY23_0359
O009,Gobiodon bilineatus,Gobiidae,25.11,0.379,SEY23_0360
O010,Gobiodon bilineatus,Gobiidae,21.57,0.287,SEY23_0361
O011,Enneapterygius abeli,Tripterygiidae,18.1,0.081,SEY23_0362
O012,Gobiodon bilineatus,Gobiidae,18.36,0.198,SEY23_0363
O013,Cabillus tongarevae,Gobiidae,17,0.086,SEY23_0364
O014,Enneapterygius abeli,Tripterygiidae,23.08,0.126,SEY23_0365
O015,Glyptoparus delicatulus,Blenniidae,23.75,0.13,SEY23_0366
O016,Enneapterygius abeli,Tripterygiidae,18.74,0.082,SIA_063
O017,Enneapterygius abeli,Tripterygiidae,16.45,0.048,SEY23_0367
O018,Enneapterygius abeli,Tripterygiidae,18.84,0.098,SIA_064
O019,Enneapterygius abeli,Tripterygiidae,16.27,0.061,SIA_065
O020,Enneapterygius abeli,Tripterygiidae,18.65,0.058,SIA_066
O021,Enneapterygius abeli,Tripterygiidae,15.23,0.039,SIA_067
O022,Enneapterygius abeli,Tripterygiidae,15,0.044,SEY23_0368
O023,Enneapterygius abeli,Tripterygiidae,15.9,0.041,SEY23_0369
O024,Enneapterygius abeli,Tripterygiidae,14.86,0.051,SEY23_0370
O025,Callogobius sclateri,Gobiidae,25.5,0.18,SEY23_0371
O026,Cabillus tongarevae,Gobiidae,13.04,0.035,SEY23_0372
O027,Eviota prasina,Gobiidae,19.14,0.086,SEY23_0373
O028,Gobiodon rivulatus,Gobiidae,13.83,0.051,SEY23_0374
O029,Eviota bipunctata,Gobiidae,15.4,0.053,SEY23_0375
O030,Eviota bipunctata,Gobiidae,15.94,0.049,SEY23_0376
O031,Eviota prasina,Gobiidae,16.68,0.051,SEY23_0377
O032,Eviota bipunctata,Gobiidae,6.63,0.015,SEY23_0378
O033,Eviota prasina,Gobiidae,9.2,0.015,SEY23_0379
O034,Gobiesocidae sp,Gobiesocidae,9.85,0.014,SEY23_0380
O035,Eviota bipunctata,Gobiidae,8.92,0.038,SEY23_0381
O036,Eviota prasina,Gobiidae,7.59,0.011,SEY23_0382
O037,Eviota prasina,Gobiidae,8.61,0.008,SEY23_0383
P001,Glyptoparus delicatulus,Blenniidae,22.56,0.146,SEY23_0384
P002,Helcogramma fuscopinna,Tripterygiidae,24.95,0.173,SIA_069
P003,Enneapterygius abeli,Tripterygiidae,23.12,0.158,SIA_069
P004,Enneapterygius abeli,Tripterygiidae,20.44,0.087,SIA_070
P005,Glyptoparus delicatulus,Blenniidae,22.22,0.092,SEY23_0385
P006,Enneapterygius abeli,Tripterygiidae,20.03,0.084,SEY23_0386
P007,Glyptoparus delicatulus,Blenniidae,25.28,0.154,SEY23_0387
P008,Enneapterygius abeli,Tripterygiidae,19.23,0.079,SEY23_0388
P009,Enneapterygius abeli,Tripterygiidae,21.07,0.123,SIA_071
P010,Enneapterygius elegans,Tripterygiidae,29.88,0.337,SEY23_0389
P011,Enneapterygius elegans,Tripterygiidae,29.24,0.352,SEY23_0390
P012,Enneapterygius elegans,Tripterygiidae,23.64,0.177,SEY23_0391
P013,Enneapterygius abeli,Tripterygiidae,21.22,0.116,SEY23_0392
P014,Enneapterygius abeli,Tripterygiidae,22.26,0.109,SIA_072
P015,Enneapterygius elegans,Tripterygiidae,23.94,0.165,SEY23_0393
P016,Eviota prasina,Gobiidae,20.23,0.103,SEY23_0394
P017,Enneapterygius abeli,Tripterygiidae,22.51,0.132,SEY23_0395
P018,Eviota bipunctata,Gobiidae,16.32,0.059,SEY23_0396
P019,Eviota bipunctata,Gobiidae,15.15,0.049,SEY23_0397
P020,Enneapterygius abeli,Tripterygiidae,17.82,0.071,SEY23_0398
P021,Gobiodon rivulatus,Gobiidae,9.39,0.022,SEY23_0399
P022,Eviota bipunctata,Gobiidae,8.1,0.01,SEY23_0400
P023,Gobiodon rivulatus,Gobiidae,7.66,0.009,SEY23_0401
P024,Eviota prasina,Gobiidae,8.5,0.007,SEY23_0402
P025,Enneapterygius abeli,Tripterygiidae,NA,NA,SEY23_0403
P026,Eviota prasina,Gobiidae,9.92,0.009,SEY23_0404
P027,Enneapterygius abeli,Tripterygiidae,19.74,0.097,SEY23_0405
P028,Eviota prasina,Gobiidae,16.58,0.067,SEY23_0406
P029,Eviota bipunctata,Gobiidae,13.74,0.043,SEY23_0407
P030,Eviota bipunctata,Gobiidae,13.13,0.029,SEY23_0408
P031,Gobiodon rivulatus,Gobiidae,6.38,0.001,SEY23_0409
P032,Cabillus tongarevae,Gobiidae,12.39,0.033,SEY23_0410
P033,Gobiodon rivulatus,Gobiidae,15.27,0.073,SEY23_0411
P034,Eviota prasina,Gobiidae,9.98,0.01,SEY23_0412
P035,Eviota prasina,Gobiidae,6.54,0.009,SEY23_0413
P036,Cirripectes filamentosus,Blenniidae,21.79,0.189,SIA_073
P037,Gobiesocidae sp,Gobiesocidae,9.58,0.013,SEY23_0414
P038,Enneapterygius abeli,Tripterygiidae,21.56,0.11,SEY23_0415
P039,Helcogramma fuscopinna,Tripterygiidae,29.46,0.29,SEY23_0416
P040,Acanthurus nigrofuscus,Acanthuridae,52.41,2.011,SEY23_P
P041,Cirripectes filamentosus,Blenniidae,18.48,0.093,SIA_074
P042,Gobiodon rivulatus,Gobiidae,13.88,0.057,SEY23_0417
P043,Gobiodon rivulatus,Gobiidae,14.48,0.136,SEY23_0418
P044,Cirripectes filamentosus,Blenniidae,26.14,0.351,SIA_075
P045,Gobiodon rivulatus,Gobiidae,19.43,0.171,SEY23_0419
P046,Chrysiptera brownriggii,Pomacentridae,33.1,0.702,SEY23_P
P047,Chrysiptera brownriggii,Pomacentridae,38.99,1.223,SEY23_P
Q001,Istigobius decoratus,Gobiidae,58.92,1.856,SEY23_Q
Q002,Apogon coccineus,Apogonidae,32.04,0.488,SEY23_0420
Q003,Apogon coccineus,Apogonidae,32.52,0.516,SEY23_0421
Q004,Cirripectes filamentosus,Blenniidae,34.96,0.505,SIA_076
Q005,Helcogramma fuscopinna,Tripterygiidae,35.88,0.694,SEY23_0422
Q006,Cirripectes filamentosus,Blenniidae,43.75,1.344,SIA_077+SEY23_Q
Q007,Enneapterygius elegans,Tripterygiidae,27.6,0.32,SIA_078
Q008,Eviota bipunctata,Gobiidae,17.73,0.073,SEY23_0423
Q009,Enneapterygius elegans,Tripterygiidae,21.11,0.126,SEY23_0424
Q010,Ostorhinchus angustatus,Apogonidae,29.63,0.379,SEY23_0425
Q011,Cabillus tongarevae,Gobiidae,21.16,0.132,SEY23_0426
Q012,Enneapterygius elegans,Tripterygiidae,26.1,0.239,SIA_079
Q013,Enneapterygius elegans,Tripterygiidae,23.88,0.188,SIA_080
Q014,Enneapterygius abeli,Tripterygiidae,21.85,0.127,SIA_081
Q015,Enneapterygius elegans,Tripterygiidae,24.86,0.185,SIA_082
Q016,Eviota bipunctata,Gobiidae,15.66,0.052,SEY23_0427
Q017,Enneapterygius abeli,Tripterygiidae,19.45,0.098,SEY23_0428
Q018,Enneapterygius elegans,Tripterygiidae,17.96,0.079,SEY23_0429
Q019,Eviota prasina,Gobiidae,21.83,0.151,SEY23_0430
Q020,Eviota bipunctata,Gobiidae,16.74,0.086,SEY23_0431
Q021,Cabillus tongarevae,Gobiidae,14.9,0.034,SEY23_0432
Q022,Cabillus tongarevae,Gobiidae,24.44,0.193,SEY23_0433
Q023,Cabillus tongarevae,Gobiidae,26.61,0.182,SEY23_0434
Q024,Cabillus tongarevae,Gobiidae,23.7,0.146,SEY23_0435
Q025,Enneapterygius abeli,Tripterygiidae,18.4,0.072,SEY23_0436
Q026,Glyptoparus delicatulus,Blenniidae,12.36,0.024,SEY23_0437
Q027,Enneapterygius elegans,Tripterygiidae,25.27,0.276,SEY23_0438
Q028,Enneapterygius abeli,Tripterygiidae,22.79,0.128,SEY23_0439
Q029,Eviota prasina,Gobiidae,22.42,0.129,SEY23_0440
Q030,Eviota bipunctata,Gobiidae,17.59,0.071,SEY23_0441
Q031,Gobiesocidae sp,Gobiesocidae,10.81,0.025,SEY23_0442
Q032,Cabillus tongarevae,Gobiidae,16.92,0.077,SEY23_0443
Q033,Eviota bipunctata,Gobiidae,12.92,0.037,SEY23_0444
Q034,Eviota bipunctata,Gobiidae,16.04,0.048,SEY23_0445
Q035,Eviota pseudostigma,Gobiidae,12.77,0.032,SEY23_0446
Q036,Eviota springeri,Gobiidae,9.93,0.013,SEY23_0447
Q037,Eviota prasina,Gobiidae,9.25,0.007,SEY23_0448
Q038,Eviota prasina,Gobiidae,8.56,0.002,SEY23_0449
Q039,Gobiesocidae sp,Gobiesocidae,7.01,0.001,SEY23_0450
Q040,Eviota prasina,Gobiidae,8.81,0.003,SEY23_0451
Q041,Chromis nigrura,Pomacentridae,55.24,2.448,SEY23_Q
Q042,Chromis nigrura,Pomacentridae,55.8,2.309,SEY23_Q
S001,Pseudocheilinus hexataenia,Labridae,51.03,2.2,SEY23_S
S002,Trimmatom offucius,Gobiidae,14.9,0.034,SEY23_0458
S003,Pomacentrus caeruleus,Pomacentridae,18.57,0.089,SEY23_0459
S004,Pomacentrus caeruleus,Pomacentridae,19.39,0.09,SEY23_0460
S005,Pomacentrus caeruleus,Pomacentridae,28.16,0.415,SEY23_0461
S006,Plesiops coeruleolineatus,Plesiopidae,44.71,1.22,SEY23_S
S007,Eviota guttata,Gobiidae,15.59,0.031,SEY23_0462
S008,Eviota guttata,Gobiidae,14.26,0.02,SIA_085
S009,Eviota sebreei,Gobiidae,16.55,0.039,SEY23_0463
S010,Eviota guttata,Gobiidae,19.21,0.087,SIA_086
S011,Eviota sebreei,Gobiidae,12.31,0.029,SEY23_0464
S012,Eviota sebreei,Gobiidae,15.21,0.028,SEY23_0465
S013,Eviota nebulosa,Gobiidae,10.24,0.009,SEY23_0466
S014,Eviota sebreei,Gobiidae,15.77,0.03,SEY23_0467
S015,Eviota guttata,Gobiidae,NA,NA,SIA_087
S016,Eviota guttata,Gobiidae,NA,NA,SIA_088
S017,Eviota sebreei,Gobiidae,9.74,0.008,SEY23_0468
S018,Eviota sebreei,Gobiidae,13.55,0.032,SEY23_0469
S019,Eviota sebreei,Gobiidae,NA,NA,NA
S020,Eviota sebreei,Gobiidae,9.95,0.005,SEY23_0470
S021,Trimmatom offucius,Gobiidae,9.85,0.014,SEY23_0471
S022,Eviota sebreei,Gobiidae,15.93,0.036,SEY23_0472
S023,Eviota springeri,Gobiidae,10.94,0.008,SEY23_0473
S024,Eviota sebreei,Gobiidae,10.84,0.014,SEY23_0474
S025,Eviota sebreei,Gobiidae,17.01,0.05,SEY23_0475
S026,Enneapterygius abeli,Tripterygiidae,19.91,0.102,SIA_089
S027,Enneapterygius abeli,Tripterygiidae,19.36,0.108,SIA_090
S028,Enneapterygius abeli,Tripterygiidae,19.75,0.107,SIA_091
S029,Eviota zebrina,Gobiidae,16.78,0.042,SEY23_0476
S030,Enneapterygius abeli,Tripterygiidae,16.84,0.052,SIA_092
S031,Istigobius decoratus,Gobiidae,42.13,0.647,SEY23_S
S032,Pomacentrus sulfureus,Pomacentridae,71.62,8.207,SEY23_S
S033,Gobiidae sp,Gobiidae,13.54,0.021,SEY23_0477
S034,Eviota bipunctata,Gobiidae,7.09,0.004,SEY23_0478
S035,Echidna polyzona,Muraenidae,102.31,2.204,NA
T001,Apogon coccineus,Apogonidae,46.11,1.464,SEY23_T
T002,Apogon coccineus,Apogonidae,34.64,1.587,SEY23_T
T003,Apogon coccineus,Apogonidae,44.06,1.292,SEY23_T
T004,Plesiops coeruleolineatus,Plesiopidae,40.64,0.956,SEY23_T
T005,Cirripectes filamentosus,Blenniidae,54.51,2.743,SIA_093
T006,Plesiops coeruleolineatus,Plesiopidae,62.82,3.705,SEY23_T
T007,Plectroglyphidodon lacrymatus,Pomacentridae,57.65,5.817,SEY23_T1
T008,Plesiops coeruleolineatus,Plesiopidae,28.79,0.321,SEY23_T1
T009,Gymnothorax fuscomaculatus,Muraenidae,176.85,8.826,NA
T010,Plesiops coeruleolineatus,Plesiopidae,13.62,0.036,SEY23_0479
T011,Eviota guttata,Gobiidae,19.73,0.094,SIA_094
T012,Eviota nebulosa,Gobiidae,15.8,0.045,SEY23_0480
T013,Enneapterygius abeli,Tripterygiidae,19.04,0.079,SIA_095
T014,Enneapterygius abeli,Tripterygiidae,17.56,0.074,SIA_096
T015,Eviota guttata,Gobiidae,17.19,0.067,SIA_097
T016,Eviota nebulosa,Gobiidae,16.91,0.04,SEY23_481
T017,Eviota guttata,Gobiidae,14.44,0.034,SIA_098
T018,Dinematichthys iluocoeteoides,Dinematichthyidae,11.94,0.023,SEY23_482
T019,Trimmatom offucius,Gobiidae,9.13,0.01,SEY23_483
T020,Eviota nebulosa,Gobiidae,8.27,0.011,SEY23_484
T021,Eviota nebulosa,Gobiidae,15.14,0.044,SEY23_485
T022,Eviota notata,Gobiidae,15.34,0.036,SEY23_486
T023,Eviota bipunctata,Gobiidae,14.03,0.033,SEY23_487
T024,Eviota nebulosa,Gobiidae,13.2,0.026,SEY23_488
T025,Eviota nebulosa,Gobiidae,11.26,0.018,SEY23_489
U001,Chromis fieldi,Pomacentridae,63.32,4.374,SEY23_U
U002,Apogon coccineus,Apogonidae,44.61,1.24,SEY23_U
U003,Apogon coccineus,Apogonidae,43.49,1.3,SEY23_U
U004,Apogon coccineus,Apogonidae,33.56,0.59,SEY23_U
U005,Aporops bilinearis,Grammistidae,52.66,2.646,SEY23_U
U006,Callogobius sclateri,Gobiidae,36.8,0.666,SEY23_U
U007,Siphamia mossambica,Apogonidae,26.24,0.307,SEY23_U
U008,Istigobius decoratus,Gobiidae,20.87,0.109,SEY23_0490
U009,Eviota guttata,Gobiidae,17.61,0.066,SIA_099
U010,Eviota guttata,Gobiidae,17.4,0.062,SIA_100
U011,Eviota guttata,Gobiidae,13.5,0.027,SIA_101
U012,Eviota guttata,Gobiidae,12.86,0.026,SIA_102
U013,Eviota zebrina,Gobiidae,8.78,0.012,SEY23_0491
U014,Eviota guttata,Gobiidae,14.91,0.026,SIA_103
U015,Eviota guttata,Gobiidae,10.45,0.02,SEY23_0492
U016,Eviota springeri,Gobiidae,16.08,0.048,SEY23_0493
U017,Eviota cf sparsa,Gobiidae,19.21,0.068,SEY23_0494
U018,Eviota cf sparsa,Gobiidae,14.66,0.038,SEY23_0495
U019,Eviota cf sparsa,Gobiidae,16.38,0.049,SEY23_0496
U020,Eviota cf sparsa,Gobiidae,19.94,0.086,SEY23_0497
U021,Eviota notata,Gobiidae,12.64,0.036,SEY23_0498
U022,Eviota notata,Gobiidae,15.3,0.039,SEY23_0499
U023,Eviota notata,Gobiidae,15.63,0.038,SEY23_0500
U024,Callogobius sclateri,Gobiidae,17.61,0.073,SEY23_0501
U025,Eviota cf sparsa,Gobiidae,8.93,0.007,SEY23_0502
U026,Eviota cf sparsa,Gobiidae,7.42,0.007,SEY23_0503
U027,Eviota cf sparsa,Gobiidae,9.21,0.001,SEY23_0504
V001,Plectroglyphidodon lacrymatus,Pomacentridae,56.71,4.607,SEY23_V
V002,Plectroglyphidodon lacrymatus,Pomacentridae,76.54,10.558,SEY23_V
V003,Callogobius flavobrunneus,Gobiidae,45.79,1.336,SEY23_V
V004,Plesiops coeruleolineatus,Plesiopidae,41.89,1.133,SEY23_V1
V005,Plesiops coeruleolineatus,Plesiopidae,47.15,1.739,SEY23_V1
V006,Istigobius decoratus,Gobiidae,50.73,1.203,SEY23_V1
V007,Pseudocheilinus hexataenia,Labridae,52.93,0.613,SEY23_0505
V008,Plesiops coeruleolineatus,Labridae,26.03,0.313,SEY23_0506
V009,Cirripectes filamentosus,Blenniidae,28.38,0.419,SIA_104
V010,Apogon coccineus,Apogonidae,31.2,0.448,SEY23_0507
V011,Plesiops coeruleolineatus,Plesiopidae,21.61,0.141,SEY23_0508
V012,Dinematichthys iluocoeteoides,Dinematichthyidae,20.46,0.142,SEY23_0509
V013,Eviota springeri,Gobiidae,12.81,0.031,SEY23_0510
V014,Eviota springeri,Gobiidae,13.16,0.024,SEY23_0511
V015,Apogon coccineus,Apogonidae,27.18,0.252,SEY23_0512
V016,Eviota nebulosa,Gobiidae,13.89,0.051,SEY23_0513
V017,Eviota nebulosa,Gobiidae,15.74,0.062,SEY23_0514
V018,Cirripectes filamentosus,Blenniidae,17.61,0.06,SIA_105
V019,Enneapterygius cf tutuilae,Tripterygiidae,19.37,0.067,SEY23_0515
V020,Eviota nebulosa,Gobiidae,17.86,0.06,SEY23_0516
V021,Eviota nebulosa,Gobiidae,14.16,0.04,SEY23_0517
V022,Eviota nebulosa,Gobiidae,14.56,0.048,SEY23_0518
V023,Eviota nebulosa,Gobiidae,17.97,0.06,SEY23_0519
V024,Eviota nebulosa,Gobiidae,8.15,0.008,SEY23_0520
V025,Eviota nebulosa,Gobiidae,9.5,0.008,SEY23_0521
